timestamp,price,volume,market_cap
2025-05-02 07:20:00,96871.17114682058,32026240089.02,1923750928969.5781
2025-05-02 07:35:00,96856.2988498779,32882953580.79,1923455582121.5874
2025-05-02 07:50:00,96903.13268400703,31777310726.92,1924388071208.3042
2025-05-02 08:05:00,96635.24868096971,31876722931.07,1919068193866.5305
2025-05-02 08:20:00,96686.58736060635,32664384035.83,1920087722750.1477
2025-05-02 08:35:00,96865.67344753115,31951316183.64,1923644172576.4011
2025-05-02 08:50:00,96686.2361876567,32714187701.59,1920083166003.1814
2025-05-02 09:05:00,96622.46373635734,31588103697.38,1918816714696.1204
2025-05-02 09:20:00,96702.27361243656,32215553284.35,1920401651762.479
2025-05-02 09:35:00,96518.26730441906,31898529668.52,1916747487236.1333
2025-05-02 09:50:00,96491.34345132328,33404456084.07,1916215221171.1611
2025-05-02 10:05:00,96461.1963765923,32724865410.94,1915616532403.7856
2025-05-02 10:20:00,96663.23639683101,32409867372.66,1919628831831.065
2025-05-02 10:35:00,96512.38193659655,33684069037.47,1916633023061.663
2025-05-02 10:50:00,96724.56235285958,33924268029.01,1920848537711.0078
2025-05-02 11:05:00,96538.09088180299,33852112228.2,1917145409531.454
2025-05-02 11:20:00,96737.8004959191,33920926679.39,1921111433371.834
2025-05-02 11:35:00,96656.92468222299,33707087792.57,1919505324388.8064
2025-05-02 11:50:00,96729.65893928878,32210694264.29,1920951201526.2498
2025-05-02 12:05:00,96740.65079894465,32793184117.03,1921169488515.4163
2025-05-02 12:20:00,96846.11285834653,32406107511.42,1923263856178.2922
2025-05-02 12:35:00,96887.9784789118,30900894414.02,1924095264197.3982
2025-05-02 12:50:00,96930.4525736787,31453977028.96,1924941857660.6853
2025-05-02 13:05:00,97006.14301118371,31093626507.8,1926444994059.0974
2025-05-02 13:20:00,97030.58300597315,30963343710.72,1926930347915.6208
2025-05-02 13:35:00,96952.5199121042,30958861657.42,1925380092934.4773
2025-05-02 13:50:00,96950.50149624515,30956643108.24,1925341463471.4548
2025-05-02 14:05:00,96932.22582492336,29959618346.64,1924978526640.5403
2025-05-02 14:20:00,96859.690451475,29943516030.75,1923538045571.1987
2025-05-02 14:35:00,96723.51194107533,30453055400.73,1920833674490.4941
2025-05-02 14:50:00,97069.28310333622,29999537860.94,1927700349188.4006
2025-05-02 15:05:00,97169.52488222135,30637748607.25,1929691052178.907
2025-05-02 15:20:00,96903.13604913592,29684383145.27,1924402382797.0078
2025-05-02 15:35:00,96911.04076400217,30174227531.7,1924559362774.5828
2025-05-02 15:50:00,96878.53969946,30185746465.02,1923915085668.7832
2025-05-02 16:05:00,96998.36664631493,28793016732.19,1926294734158.934
2025-05-02 16:20:00,97017.50044303869,29182883973.48,1926674713050.8245
2025-05-02 16:35:00,97283.4185952826,29001134991.94,1931955593070.7168
2025-05-02 16:50:00,97616.10167339798,29379942542.39,1938563922482.0093
2025-05-02 17:05:00,97760.27969399108,28511039194.88,1941427162299.4707
2025-05-02 17:20:00,97628.15585319581,28092368538.76,1938803307149.811
2025-05-02 17:35:00,97385.16859846526,27680470821.51,1933977808921.869
2025-05-02 17:50:00,97483.01465434684,28469755644.48,1935923376593.9048
2025-05-02 18:05:00,97728.7395503808,27511676588.13,1940803247945.1345
2025-05-02 18:20:00,97722.46969477466,28563542554.04,1940678734355.9844
2025-05-02 18:35:00,97665.64432660518,27453622410.57,1939550234596.1758
2025-05-02 18:50:00,97582.41722334622,27724266203.24,1937899860121.91
2025-05-02 19:05:00,97309.42119219877,27543864977.2,1932478402182.7854
2025-05-02 19:20:00,97292.50387992857,28021887099.88,1932142439434.4243
2025-05-02 19:35:00,97405.28219625936,27478535077.91,1934382116311.274
2025-05-02 19:50:00,97265.31686335146,28018836244.2,1931604085753.9045
2025-05-02 20:05:00,97503.66235207628,27114353341.15,1936337418607.6768
2025-05-02 20:20:00,97519.23339235844,27781618591.98,1936646645843.0203
2025-05-02 20:35:00,97562.25394101469,27617749048.46,1937500996296.3533
2025-05-02 20:50:00,97499.87654059035,27365711707.6,1936263698202.2996
2025-05-02 21:05:00,97121.80488180142,26705737132.75,1928755520200.378
2025-05-02 21:20:00,97088.64492024262,27459358465.85,1928096991881.387
2025-05-02 21:35:00,97040.99842515592,26619289547.18,1927150773464.951
2025-05-02 21:50:00,96806.93637560209,26656854533.71,1922505213048.393
2025-05-02 22:05:00,96992.2549072403,27255717499.49,1926185484901.7095
2025-05-02 22:20:00,97017.48153209823,26996189940.27,1926686464682.8362
2025-05-02 22:35:00,97108.62200676683,26783956461.72,1928496438680.8796
2025-05-02 22:50:00,97080.1896904239,26802508546.83,1927932767335.893
2025-05-02 23:05:00,97054.26313953268,26644915588.01,1927417887346.8184
2025-05-02 23:20:00,97053.2655103994,26642321074.58,1927398075252.2825
2025-05-02 23:35:00,96984.58936974173,25814354058.62,1926034223550.609
2025-05-02 23:50:00,96712.95336833899,25413634288.5,1920642173671.3777
2025-05-03 00:05:00,96705.83228315979,26547627819.63,1920500754595.2236
2025-05-03 00:20:00,96646.03822743372,25739838053.26,1919313292304.3665
2025-05-03 00:35:00,96781.94136103695,26583245448.02,1922012220222.9292
2025-05-03 00:50:00,96689.94057487528,26545241116.01,1920185157934.3848
2025-05-03 01:05:00,96649.48077191287,26538089370.51,1919381658494.0144
2025-05-03 01:20:00,96757.62680697355,26486722737.9,1921530803922.3315
2025-05-03 01:35:00,96843.3252627502,26343090585.6,1923232708237.8635
2025-05-03 01:50:00,96843.0582026991,26405037276.75,1923229535181.37
2025-05-03 02:05:00,96923.41427135898,25567914020.83,1924825345634.343
2025-05-03 02:20:00,96873.36320372325,26303571521.44,1923831369469.909
2025-05-03 02:35:00,96798.84669054701,25369781461.32,1922351528150.7788
2025-05-03 02:50:00,96706.50824984825,25325671263.84,1920519594319.373
2025-05-03 03:05:00,96676.74098237393,25154004616.17,1919928438444.8784
2025-05-03 03:20:00,96582.95909460746,25895717371.56,1918065999646.215
2025-05-03 03:35:00,96501.18492071936,25084535450.66,1916442025147.4602
2025-05-03 03:50:00,96499.44266079561,24994959687.6,1916409548144.1277
2025-05-03 04:05:00,96618.18078274345,24815576484.48,1918767601873.3022
2025-05-03 04:20:00,96660.940974364,25582865337.16,1919616788534.3086
2025-05-03 04:35:00,96704.15992912807,25471281395.97,1920475085901.4944
2025-05-03 04:50:00,96588.29858510439,25428199305.43,1918175321973.0735
2025-05-03 05:05:00,96553.13348270816,25467885535.34,1917476967901.2117
2025-05-03 05:20:00,96474.68559001986,25430368483.47,1915919048215.0823
2025-05-03 05:35:00,96399.75046598745,25464713132.25,1914430889630.9314
2025-05-03 05:50:00,96498.03674744301,25527176941.25,1916385198143.1565
2025-05-03 06:05:00,96411.30062697465,25131797419.19,1914662677944.689
2025-05-03 06:20:00,96480.76041460915,25327933264.53,1916042101955.535
2025-05-03 06:35:00,96514.62676545531,25383839168.54,1916714664586.4885
2025-05-03 06:50:00,96529.4980078483,25013714298.11,1917009997318.2258
2025-05-03 07:05:00,96528.3479627558,25231210474.09,1916987158207.0195
2025-05-03 07:20:00,96554.35077001383,25181435293.65,1917504811431.8096
2025-05-03 07:35:00,96532.31800839696,25103341781.1,1917067255526.016
2025-05-03 07:50:00,96608.2554923694,25022108803.91,1918575902805.065
2025-05-03 08:05:00,96419.4111260868,24897434732.48,1914825578894.5073
2025-05-03 08:20:00,96286.27994079031,24873793559.72,1912181681820.4949
2025-05-03 08:35:00,96289.06234981724,24928631721.44,1912236938619.0325
2025-05-03 08:50:00,96258.12735583542,24876054620.15,1911624996601.6384
2025-05-03 09:05:00,96228.58173382755,24879753123.7,1911038239398.669
2025-05-03 09:20:00,96288.8963249478,24670745631.04,1912236048697.608
2025-05-03 09:35:00,96308.84192967293,24590068877.86,1912632155682.1533
2025-05-03 09:50:00,96414.98271143514,24202751305.86,1914742165019.7517
2025-05-03 10:05:00,96233.29039148212,24069735874.9,1911133867467.9539
2025-05-03 10:20:00,96212.02157955838,24077977880.08,1910711481964.7363
2025-05-03 10:35:00,96408.86191162211,23314794162.55,1914620609705.8774
2025-05-03 10:50:00,96412.68357507666,23998160856.4,1914699205143.0803
2025-05-03 11:05:00,96359.92295367301,23884637057.13,1913651410225.2493
2025-05-03 11:20:00,96360.73100232084,23776305191.82,1913667457596.2625
2025-05-03 11:35:00,96311.3573898885,23781819109.69,1912686926685.0403
2025-05-03 11:50:00,96367.67983650301,23792752243.46,1913808733858.3203
2025-05-03 12:05:00,96275.78655496733,23773377030.25,1911983784195.8997
2025-05-03 12:20:00,96194.57680520705,23764855254.05,1910371003555.8618
2025-05-03 12:35:00,96186.43934486574,23808949789.16,1910209398101.6365
2025-05-03 12:50:00,96018.63976286956,24138507204.85,1906880063960.6333
2025-05-03 13:05:00,96001.57567211191,24226536688.06,1906541180025.6416
2025-05-03 13:20:00,96004.67170096804,24299647807.54,1906602665542.5974
2025-05-03 13:35:00,96077.53041611449,23107940333.43,1908049601593.1565
2025-05-03 13:50:00,95969.68039830052,24142435973.17,1905908908173.245
2025-05-03 14:05:00,95961.63911727186,24091011525.64,1905749212433.0693
2025-05-03 14:20:00,96020.92208423869,23312313433.04,1906926541922.7175
2025-05-03 14:35:00,96066.85893279058,23890520112.2,1907838824307.1653
2025-05-03 14:50:00,96173.10508365877,23573930904.85,1909950934486.1824
2025-05-03 15:05:00,96173.49843065748,23252626869.29,1909958746165.6233
2025-05-03 15:20:00,96238.27641905838,23050328481.27,1911245205403.607
2025-05-03 15:35:00,96239.8688233112,22909828402.61,1911276829774.9746
2025-05-03 15:50:00,96287.13730179741,22620360250.88,1912215558690.6934
2025-05-03 16:05:00,96374.94103161707,22271391669.08,1913959297916.6917
2025-05-03 16:20:00,96398.29503723248,21893135097.34,1914425217833.9497
2025-05-03 16:35:00,96353.48858998061,21545806515.88,1913535382671.332
2025-05-03 16:50:00,96360.66506106865,20651033047.47,1913679734895.541
2025-05-03 17:05:00,96515.82382926824,19209044400.51,1916761118676.0156
2025-05-03 17:20:00,96484.99393285514,19652611890.23,1916148850714.215
2025-05-03 17:35:00,96500.24653298153,19204855164.2,1916451760534.813
2025-05-03 17:50:00,96440.71430893251,19004277623.59,1915271598871.8184
2025-05-03 18:05:00,96435.95051893331,18705195955.06,1915176992027.045
2025-05-03 18:20:00,96317.83809326917,18320293550.9,1912831329451.136
2025-05-03 18:35:00,96276.19695540145,18096100349.28,1912004354150.5667
2025-05-03 18:50:00,96172.24276317799,17999934422.72,1909941599173.9102
2025-05-03 19:05:00,96196.61675336662,17748354183.83,1910425656698.8425
2025-05-03 19:20:00,95954.5036727225,16899078863.15,1905617389457.2742
2025-05-03 19:35:00,96095.28556137314,17619989756.27,1908413260467.647
2025-05-03 19:50:00,96163.24694276386,16810101322.3,1909762945841.7847
2025-05-03 20:05:00,96164.13597160463,17428304155.67,1909780601592.7275
2025-05-03 20:20:00,96241.85409809579,17304296084.99,1911325880548.7922
2025-05-03 20:35:00,96167.15347906231,17231065254.17,1909842355238.6277
2025-05-03 20:50:00,96197.93122347523,16351494713.32,1910455128467.803
2025-05-03 21:05:00,96187.991497581,16801030649.89,1910257729209.1216
2025-05-03 21:20:00,96272.42928682604,15897083637.93,1911934632292.6704
2025-05-03 21:35:00,96335.99903177327,15760204095.0,1913197103779.3774
2025-05-03 21:50:00,96372.5462542795,16199137895.4,1913926772924.6345
2025-05-03 22:05:00,96386.60717426077,16023437156.5,1914206018127.237
2025-05-03 22:20:00,96356.89619558261,15904949946.51,1913615967954.7336
2025-05-03 22:35:00,96353.49679233483,15826264178.77,1913548456934.8347
2025-05-03 22:50:00,96367.30373793063,15775678319.03,1913822658290.4614
2025-05-03 23:05:00,96322.59932109136,15713423420.17,1912934843413.9
2025-05-03 23:20:00,96342.79687316481,15722672880.71,1913337790605.6318
2025-05-03 23:35:00,96422.05767784624,15039731829.12,1914911885377.9731
2025-05-03 23:50:00,96289.08360449117,15741421799.53,1912272313660.1133
2025-05-04 00:05:00,96236.54518091615,14789576572.65,1911228916329.4404
2025-05-04 00:20:00,96248.48446834751,15624059401.13,1911466026996.041
2025-05-04 00:35:00,96258.93998511208,15575533560.43,1911673670422.3303
2025-05-04 00:50:00,96233.54943067383,15459779123.01,1911171827467.0889
2025-05-04 01:05:00,96189.92321622914,15422004521.53,1910305422845.4263
2025-05-04 01:20:00,96175.5518643554,15412703622.7,1910020011749.3354
2025-05-04 01:35:00,95916.81811721512,14663510169.08,1904881630682.9102
2025-05-04 01:50:00,95908.6741549191,15093494087.62,1904722291548.1545
2025-05-04 02:05:00,95929.8835110199,15743516246.54,1905143504057.9775
2025-05-04 02:20:00,95981.88805440554,15709840709.99,1906176301288.4805
2025-05-04 02:35:00,95925.51540461437,15719157045.03,1905056754556.7903
2025-05-04 02:50:00,95815.39288015044,15644941956.59,1902871760874.818
2025-05-04 03:05:00,95903.94948766628,15648574976.25,1904630474820.6196
2025-05-04 03:20:00,95858.43329566401,15510640814.52,1903726533670.6626
2025-05-04 03:35:00,95954.6109608925,15566412767.68,1905636600077.415
2025-05-04 03:50:00,95700.42992429559,15025313246.93,1900590154104.9365
2025-05-04 04:05:00,96245.02923246218,14095571425.07,1911405780365.4724
2025-05-04 04:20:00,96227.15376089755,16087726298.0,1911050777307.6743
2025-05-04 04:35:00,96082.45355471432,16140550282.47,1908177062034.0193
2025-05-04 04:50:00,95917.34603172897,15591432822.06,1904898061795.4326
2025-05-04 05:05:00,95839.21432694113,16191704204.49,1903346382780.3992
2025-05-04 05:20:00,95724.73770783142,16024874978.08,1901074720278.4167
2025-05-04 05:35:00,95834.032548237,15259506774.65,1903245294605.6724
2025-05-04 05:50:00,95853.22071702467,15880585045.72,1903626943034.6152
2025-05-04 06:05:00,95782.45753565495,15830633360.62,1902221599556.0906
2025-05-04 06:20:00,95930.05551218544,15819647023.8,1905152867621.5667
2025-05-04 06:35:00,95795.56751075776,15731917576.42,1902481961196.957
2025-05-04 06:50:00,95808.9321454171,15767684956.41,1902749488125.2476
2025-05-04 07:05:00,95907.59526333395,15651852322.74,1904708921268.9985
2025-05-04 07:20:00,95833.45786055966,15805836042.44,1903236564756.71
2025-05-04 07:35:00,95958.16120748469,15897307735.71,1905713152525.8855
2025-05-04 07:50:00,96049.9648609325,15210066523.43,1907537510443.5308
2025-05-04 08:05:00,96151.21526493596,15910571572.99,1909548327874.4773
2025-05-04 08:20:00,96010.08762851405,15423916418.89,1906745554748.7942
2025-05-04 08:35:00,95945.74690924778,16070427250.33,1905467757972.637
2025-05-04 08:50:00,95976.6334584921,16129018505.8,1906081160084.1006
2025-05-04 09:05:00,95906.64752708399,15937872657.19,1904691250264.169
2025-05-04 09:20:00,96003.53246803184,15971721905.03,1906616906327.6318
2025-05-04 09:35:00,95866.95845586016,15234083720.84,1903904565293.116
2025-05-04 09:50:00,95888.95633417972,16047614478.69,1904343262011.0054
2025-05-04 10:05:00,95934.63337582663,15256137678.62,1905250402622.5452
2025-05-04 10:20:00,95833.6851588694,15675274868.75,1903245583046.6123
2025-05-04 10:35:00,95562.96626041355,15012930067.24,1897869137938.8281
2025-05-04 10:50:00,95683.01059289185,15957121052.49,1900253204096.5715
2025-05-04 11:05:00,95594.17307194737,15815659965.01,1898488901502.2793
2025-05-04 11:20:00,95578.08188683698,15329474324.89,1898170766152.0662
2025-05-04 11:35:00,95609.62264884361,15995511944.34,1898797162405.2786
2025-05-04 11:50:00,95526.99166465199,15910390743.72,1897157934665.697
2025-05-04 12:05:00,95477.83283767774,15927024517.28,1896181644540.4888
2025-05-04 12:20:00,95351.17578734714,15108554136.15,1893666246286.7722
2025-05-04 12:35:00,95434.00572473378,15934262285.52,1895311241802.7263
2025-05-04 12:50:00,95462.11304257158,15801292347.13,1895870978139.6716
2025-05-04 13:05:00,95421.80887303237,15446160804.89,1895070540113.6106
2025-05-04 13:20:00,95529.71028144192,14897909547.6,1897213454639.427
2025-05-04 13:35:00,95514.47113297982,15597626809.96,1896910806202.471
2025-05-04 13:50:00,95462.83633669473,15420872456.19,1895887156504.9404
2025-05-04 14:05:00,95479.96123540531,15332795013.98,1896227256137.0876
2025-05-04 14:20:00,95551.18564390007,15295400465.57,1897641769328.5732
2025-05-04 14:35:00,95456.92684995408,14724370503.95,1895769794393.7456
2025-05-04 14:50:00,95585.9394858222,15216560857.39,1898333986196.1838
2025-05-04 15:05:00,95566.80194985104,15480036324.95,1897953915286.7852
2025-05-04 15:20:00,95394.35752360726,14934605225.08,1894529173982.472
2025-05-04 15:35:00,95369.2338699223,15404915692.88,1894030218948.8748
2025-05-04 15:50:00,95308.68535968609,14894932532.12,1892827727291.4902
2025-05-04 16:05:00,95391.9367618654,14957675398.58,1894481097724.4807
2025-05-04 16:20:00,95544.38122057922,15737970430.71,1897510455596.891
2025-05-04 16:35:00,95555.62862454396,15827506648.88,1897733828927.1567
2025-05-04 16:50:00,95572.4162331586,15742165056.87,1898070193411.2708
2025-05-04 17:05:00,95673.87806781968,15962207808.29,1900085227578.3384
2025-05-04 17:20:00,95637.09308407879,15704766178.73,1899354677028.7595
2025-05-04 17:35:00,95532.773376417,15875171219.06,1897282885443.8826
2025-05-04 17:50:00,95510.8498190095,15887379576.05,1896848438241.873
2025-05-04 18:05:00,95522.13230934426,15988780252.9,1897072508849.6787
2025-05-04 18:20:00,95388.33409241521,15939575296.79,1894415272113.723
2025-05-04 18:35:00,95432.45520668423,16007031670.52,1895291518810.86
2025-05-04 18:50:00,95330.03328635091,15786003499.01,1893258274268.2605
2025-05-04 19:05:00,95424.02493256325,15965113371.52,1895124952121.7034
2025-05-04 19:20:00,95415.73184824004,15876053310.02,1894960251135.321
2025-05-04 19:35:00,95309.65544605178,15787506542.97,1892853569544.8062
2025-05-04 19:50:00,95410.94850344709,15642648549.87,1894865253716.3994
2025-05-04 20:05:00,95483.42225944815,15644190330.99,1896304585409.5305
2025-05-04 20:20:00,95440.77958047135,15603924960.26,1895460658763.5112
2025-05-04 20:35:00,95462.66993754492,15887978340.06,1895895402809.2078
2025-05-04 20:50:00,95404.25142566985,15835123478.67,1894737019696.4316
2025-05-04 21:05:00,95402.44107782563,15851011306.48,1894701066025.314
2025-05-04 21:20:00,95437.84790488736,15732023687.72,1895404248797.3745
2025-05-04 21:35:00,95594.08699452586,15176625169.03,1898507171179.113
2025-05-04 21:50:00,95591.04371580716,15803920181.83,1898446731389.8645
2025-05-04 22:05:00,95662.67331185745,15867360217.18,1899869301614.087
2025-05-04 22:20:00,95647.16082706623,15780832521.25,1899563039566.0654
2025-05-04 22:35:00,95702.38254539434,16038826657.65,1900659748911.229
2025-05-04 22:50:00,95718.2250553978,15874675559.22,1900976201533.0073
2025-05-04 23:05:00,95743.52831795058,15862577530.76,1901478727566.1233
2025-05-04 23:20:00,95671.88452230697,16050288504.38,1900055872614.2354
2025-05-04 23:35:00,95721.91756245986,15857276278.05,1901049535195.901
2025-05-04 23:50:00,95735.62666790454,15690525028.45,1901323235819.1978
2025-05-05 00:05:00,95207.45358116465,15080818390.33,1890833642787.792
2025-05-05 00:20:00,95267.18967016261,16322638344.6,1892020010057.5522
2025-05-05 00:35:00,94825.42306706113,15324194316.63,1883246462147.3325
2025-05-05 00:50:00,94947.40918715058,17092480368.7,1885669123936.3242
2025-05-05 01:05:00,94899.99672582374,16766547756.25,1884727505674.3914
2025-05-05 01:20:00,94694.83749794019,16704883540.98,1880655097357.2793
2025-05-05 01:35:00,94423.93427295607,17171584611.92,1875274914610.0625
2025-05-05 01:50:00,94221.3563733482,17315794453.79,1871253756968.3372
2025-05-05 02:05:00,94288.08896353298,17985620146.85,1872579078688.4011
2025-05-05 02:20:00,94517.43541306445,18650595366.26,1877133942063.8823
2025-05-05 02:35:00,94689.49453210382,18561300491.87,1880551068343.0593
2025-05-05 02:50:00,94721.16634133786,18936768081.13,1881181876099.2363
2025-05-05 03:05:00,94599.72400635773,18942099259.81,1878770006309.41
2025-05-05 03:20:00,94307.33329723471,19069548335.59,1872963066593.7405
2025-05-05 03:35:00,93920.32932812326,18596827269.8,1865277088044.3696
2025-05-05 03:50:00,93931.9817049623,19347891914.34,1865511418540.2153
2025-05-05 04:05:00,93863.33019640372,18537916308.73,1864147983309.8345
2025-05-05 04:20:00,94252.36434187887,19370364918.43,1871874293640.0635
2025-05-05 04:35:00,94328.99430834097,20642923133.91,1873396182935.3027
2025-05-05 04:50:00,94331.23950191781,20321731735.69,1873442848299.1187
2025-05-05 05:05:00,94226.54204976153,19485890966.63,1871363529782.6548
2025-05-05 05:20:00,94104.6849618756,18849992711.54,1868943416456.2546
2025-05-05 05:35:00,94132.55904919763,20481323095.99,1869497003049.8586
2025-05-05 05:50:00,94111.20831265696,20723620857.19,1869074760005.278
2025-05-05 06:05:00,94148.24397081518,20976115504.24,1869810298472.2134
2025-05-05 06:20:00,94267.75805473601,21168447691.87,1872183881403.7964
2025-05-05 06:35:00,94362.76873335819,20678744186.4,1874070819894.2014
2025-05-05 06:50:00,94407.37508948246,20768953944.17,1874957564193.7722
2025-05-05 07:05:00,94374.71939703812,21451866636.2,1874309012769.644
2025-05-05 07:20:00,94340.77684138958,20429268119.4,1873634903872.9504
2025-05-05 07:35:00,94421.00997589399,20921550611.73,1875228356951.1177
2025-05-05 07:50:00,94548.34979411395,20625155261.67,1877758591416.0413
2025-05-05 08:05:00,94688.58724333452,20871537060.2,1880543749228.7966
2025-05-05 08:20:00,94689.99477019884,20612403384.52,1880571703134.58
2025-05-05 08:35:00,94666.51748385369,20508440380.96,1880105437184.5793
2025-05-05 08:50:00,94698.92333425957,21211638168.33,1880750731676.0154
2025-05-05 09:05:00,94688.08825501983,21083145692.03,1880535543556.759
2025-05-05 09:20:00,94613.74152461016,21297788254.63,1879058993848.5625
2025-05-05 09:35:00,94587.97948765931,21308392058.77,1878547351602.3909
2025-05-05 09:50:00,94694.73960714714,21356190761.62,1880670671756.8047
2025-05-05 10:05:00,94753.54543934709,21528326937.09,1881838576166.337
2025-05-05 10:20:00,94684.16858068778,21711874444.02,1880460727471.4626
2025-05-05 10:35:00,94592.56420759507,22028576875.94,1878641432560.3108
2025-05-05 10:50:00,94568.96484971057,21825139945.55,1878175388983.965
2025-05-05 11:05:00,94536.17128756104,21513632727.19,1877524096443.709
2025-05-05 11:20:00,94533.48430885962,21529787909.16,1877470732031.0208
2025-05-05 11:35:00,94625.29372023587,21818218396.5,1879294101644.9106
2025-05-05 11:50:00,94627.96455744196,21557419707.94,1879348848784.762
2025-05-05 12:05:00,94476.37496513774,21780477204.02,1876338219452.1218
2025-05-05 12:20:00,94420.80650856516,20990191873.46,1875234607899.4814
2025-05-05 12:35:00,94390.16355854848,21766898441.9,1874626026777.542
2025-05-05 12:50:00,94122.47750141595,20919411665.51,1869312405231.0588
2025-05-05 13:05:00,94171.69029736538,21747089952.97,1870289792274.0527
2025-05-05 13:20:00,94259.772962019,21888032623.98,1872039151429.2063
2025-05-05 13:35:00,93979.08821417471,22072120460.22,1866464633046.0007
2025-05-05 13:50:00,94024.10572280885,21508462282.8,1867362460864.1448
2025-05-05 14:05:00,93952.07660335112,21102590757.3,1865931929058.1738
2025-05-05 14:20:00,94226.89168334518,21404690953.1,1871389884335.868
2025-05-05 14:35:00,94265.508497448,22073086452.17,1872156832220.7686
2025-05-05 14:50:00,94309.96559291605,22162134350.74,1873040996838.8662
2025-05-05 15:05:00,94397.81634635801,22085639074.17,1874785754794.8835
2025-05-05 15:20:00,94317.69848938801,22456842895.36,1873194575859.1238
2025-05-05 15:35:00,94100.92427850685,22351214541.14,1868889336412.9512
2025-05-05 15:50:00,93796.99915397423,22928762770.04,1862854926509.5085
2025-05-05 16:05:00,94389.89754196651,23725305577.88,1874630182572.6357
2025-05-05 16:20:00,94089.53573172206,24123974148.6,1868664848041.7231
2025-05-05 16:35:00,93801.21506885426,24464582846.47,1862938656670.1199
2025-05-05 16:50:00,94159.74128059001,24009385146.88,1870063025613.5852
2025-05-05 17:05:00,93780.96152497687,23783072217.24,1862540256262.3796
2025-05-05 17:20:00,93859.5637985904,24603709149.91,1864101339625.7651
2025-05-05 17:35:00,93810.14507272794,25236942295.14,1863119857192.281
2025-05-05 17:50:00,93633.92696090996,24325567123.17,1859622973514.1855
2025-05-05 18:05:00,93872.63986915702,25394306897.21,1864363947460.904
2025-05-05 18:20:00,94146.33788452772,24842973323.65,1869799745506.639
2025-05-05 18:35:00,94234.5712351245,24652687055.85,1871552109966.0342
2025-05-05 18:50:00,94239.03372871924,25510141664.07,1871641680013.8594
2025-05-05 19:05:00,94236.21302948263,25725605687.5,1871585659296.656
2025-05-05 19:20:00,94162.96870362763,26313913391.16,1870130984649.9553
2025-05-05 19:35:00,94436.39349301688,25805068955.48,1875561359006.7542
2025-05-05 19:50:00,94463.2011935641,26200321228.39,1876095192382.4907
2025-05-05 20:05:00,94518.30205104877,26768569885.29,1877189528086.9448
2025-05-05 20:20:00,94645.20772403863,26908326962.58,1879709950007.5876
2025-05-05 20:35:00,94724.71121924618,26939297251.46,1881288936567.9822
2025-05-05 20:50:00,94869.42704930679,27185826016.21,1884164027463.7437
2025-05-05 21:05:00,94803.23571495831,27295080642.33,1882849427650.2083
2025-05-05 21:20:00,94790.55789959231,27041190996.65,1882597638592.3167
2025-05-05 21:35:00,94569.45786445055,26854826579.42,1878206458571.08
2025-05-05 21:50:00,94417.37868589858,26522174829.87,1875187490641.9736
2025-05-05 22:05:00,94290.1584386902,27371244987.4,1872660817910.3025
2025-05-05 22:20:00,94237.02674237057,27668147029.78,1871605589586.0063
2025-05-05 22:35:00,93918.1275117392,27170072360.73,1865272053785.9429
2025-05-05 22:50:00,94117.56661779321,26981771891.55,1869236049447.6748
2025-05-05 23:05:00,94447.84806655392,27411298609.05,1875795653703.0042
2025-05-05 23:20:00,94556.48158331471,27194047206.73,1877953185957.6592
2025-05-05 23:35:00,94440.91800989807,27152837033.84,1875658018273.282
2025-05-05 23:50:00,94656.1352620066,28332851012.99,1879935023163.1587
2025-05-06 00:05:00,94784.02619486212,27393996077.22,1882475023799.722
2025-05-06 00:20:00,94935.58658001812,27198819697.59,1885485115806.861
2025-05-06 00:35:00,94939.45101124868,27296231892.71,1885561866031.1843
2025-05-06 00:50:00,95023.84615856799,27473195417.79,1887240671544.5483
2025-05-06 01:05:00,95051.51802938229,27718739266.97,1887790254435.261
2025-05-06 01:20:00,95011.4242628666,27374372331.47,1886993963926.0603
2025-05-06 01:35:00,94892.01144971736,26814035664.58,1884622341151.4702
2025-05-06 01:50:00,94814.56735207654,26411151688.27,1883085384471.5989
2025-05-06 02:05:00,94712.16220980871,26148980325.93,1881051544819.2676
2025-05-06 02:20:00,94578.53944960616,25050632007.56,1878397700860.5032
2025-05-06 02:35:00,94646.60440759905,24995605443.53,1879749519796.8818
2025-05-06 02:50:00,94485.88570282471,24971637359.41,1876557530924.0334
2025-05-06 03:05:00,94586.81900370958,25749615229.2,1878562138749.717
2025-05-06 03:20:00,94814.6751006842,24864948099.36,1883090842949.939
2025-05-06 03:35:00,94721.07928582195,25209652081.26,1881231959589.1262
2025-05-06 03:50:00,94344.13090527436,24117146706.27,1873745480909.3206
2025-05-06 04:05:00,94373.04172907583,23880804252.59,1874319671639.868
2025-05-06 04:20:00,94181.28830066307,23896423221.45,1870512999424.4485
2025-05-06 04:35:00,94190.88981239693,23919517373.97,1870703692850.2483
2025-05-06 04:50:00,94283.8186385125,22950079512.56,1872550556674.671
2025-05-06 05:05:00,94281.33279926334,23838696789.26,1872501185958.2847
2025-05-06 05:20:00,94295.13230074679,23506643692.82,1872775254876.555
2025-05-06 05:35:00,94418.82609606284,22740517399.77,1875231910627.4673
2025-05-06 05:50:00,94480.44555395616,23425743941.42,1876457233058.0125
2025-05-06 06:05:00,94412.29665850353,23590439299.86,1875103741475.2068
2025-05-06 06:20:00,94426.38028637796,23357735277.06,1875383453591.6953
2025-05-06 06:35:00,94547.83283516916,23397011431.93,1877795598372.7275
2025-05-06 06:50:00,94515.43256964828,23260475277.96,1877152103179.2705
2025-05-06 07:05:00,94534.5638161861,23205553646.75,1877532065040.5088
2025-05-06 07:20:00,94416.17311272811,23054681649.65,1875183091361.5981
2025-05-06 07:35:00,94336.92502415067,22678136590.64,1873609158942.7773
2025-05-06 07:50:00,94388.81205276636,23279836095.81,1874640244470.7559
2025-05-06 08:05:00,94367.92440706144,23001028720.15,1874225398469.4224
2025-05-06 08:20:00,94456.49553268298,22818057254.33,1875984494626.8716
2025-05-06 08:35:00,94381.70894688227,22779068183.94,1874499170885.2168
2025-05-06 08:50:00,94459.80546020156,22713894185.6,1876050232537.9404
2025-05-06 09:05:00,94556.29328534416,22018517866.84,1877966560926.655
2025-05-06 09:20:00,94444.64817088265,22035123043.1,1875751273958.6191
2025-05-06 09:35:00,94481.47640413219,22665334151.28,1876482714085.438
2025-05-06 09:50:00,94386.79615268929,22666173333.22,1874602283529.5276
2025-05-06 10:05:00,94364.17430889502,22549910190.26,1874152994415.3406
2025-05-06 10:20:00,94133.86312260218,21724580787.98,1869579947406.4802
2025-05-06 10:35:00,94120.94952162285,22697765702.3,1869323472120.766
2025-05-06 10:50:00,94248.34852185728,22549223056.15,1871856648164.361
2025-05-06 11:05:00,94255.53672888843,22764756617.61,1871999412396.6333
2025-05-06 11:20:00,94192.14016335183,22789464193.28,1870740299801.7537
2025-05-06 11:35:00,94183.21323164778,22096648940.95,1870563002939.5806
2025-05-06 11:50:00,94149.7772085863,22703012845.86,1869901946355.7734
2025-05-06 12:05:00,94158.1020470452,22722739363.35,1870067285373.0173
2025-05-06 12:20:00,94229.393085208,22717647842.95,1871483191549.014
2025-05-06 12:35:00,94221.72044635129,22783117175.12,1871330805821.1108
2025-05-06 12:50:00,93906.12853518139,20931409693.25,1865064923530.8108
2025-05-06 13:05:00,94017.84941760275,20997379670.91,1867283806390.5374
2025-05-06 13:20:00,94003.55975846946,22866261537.62,1867000000184.974
2025-05-06 13:35:00,93843.6913486088,22019718792.26,1863824861690.1519
2025-05-06 13:50:00,93798.90152186947,21956863270.16,1862937262957.7053
2025-05-06 14:05:00,93830.31412248705,22857780795.59,1863561147707.6057
2025-05-06 14:20:00,93845.76762905266,22835122886.36,1863868069353.3538
2025-05-06 14:35:00,93923.27066883525,22808847210.77,1865407354978.8875
2025-05-06 14:50:00,93959.6610126191,22924489142.13,1866130102541.4585
2025-05-06 15:05:00,93852.1472304913,22995803901.53,1863994774432.518
2025-05-06 15:20:00,93768.50895717944,22929917910.99,1862334574796.8706
2025-05-06 15:35:00,93754.11522112068,22849845677.09,1862048701078.4885
2025-05-06 15:50:00,93785.96702606037,21912512882.75,1862681309171.2114
2025-05-06 16:05:00,93923.61803494395,22670899042.92,1865415193243.279
2025-05-06 16:20:00,94362.15887895178,20557309499.69,1874126837494.8613
2025-05-06 16:35:00,94392.16571881677,22728975089.22,1874722803341.42
2025-05-06 16:50:00,94320.43710261899,22965589467.63,1873299333140.361
2025-05-06 17:05:00,94231.614519572,22073750557.17,1871535226752.5938
2025-05-06 17:20:00,94357.62516923179,22886180307.87,1874037925777.6145
2025-05-06 17:35:00,94630.48534704944,22140356373.75,1879457205043.573
2025-05-06 17:50:00,94602.45340165617,23137960789.06,1878903111108.4292
2025-05-06 18:05:00,94540.08898855392,22415223785.56,1877664489005.229
2025-05-06 18:20:00,94698.14695871435,22391798170.38,1880803684672.904
2025-05-06 18:35:00,94625.03675121928,22456279253.99,1879351639917.4363
2025-05-06 18:50:00,94406.0012785018,22628462990.5,1875002878128.3958
2025-05-06 19:05:00,94306.65388888126,23377371721.58,1873029734059.6885
2025-05-06 19:20:00,94628.86596797961,22602703833.03,1879429206206.5374
2025-05-06 19:35:00,94787.79323888324,22523727106.34,1882585669633.8813
2025-05-06 19:50:00,94525.91587661368,22565393157.89,1877385075832.2087
2025-05-06 20:05:00,94603.36492371805,23304322848.81,1878923296158.5894
2025-05-06 20:20:00,94781.9493857822,22478119854.24,1882470173231.882
2025-05-06 20:35:00,94892.17586776322,23367277801.88,1884659388224.549
2025-05-06 20:50:00,94913.37780725062,23412728860.8,1885080481259.2285
2025-05-06 21:05:00,95057.39847296973,23511703821.01,1887940884630.3572
2025-05-06 21:20:00,95050.05208814758,23631079270.91,1887796498426.762
2025-05-06 21:35:00,95116.53726166037,23675762003.65,1889116965643.743
2025-05-06 21:50:00,95072.95387808174,23731341192.01,1888253729486.8308
2025-05-06 22:05:00,94947.34551934157,23007689639.07,1885759008936.2314
2025-05-06 22:20:00,94966.95391024185,23837181499.0,1886148453207.5662
2025-05-06 22:35:00,94722.32485977044,23131354550.94,1881289850439.3613
2025-05-06 22:50:00,94644.04728258654,23109152493.53,1879736023212.7468
2025-05-06 23:05:00,94807.33136138605,23071195727.13,1882979026589.6008
2025-05-06 23:20:00,94664.94560663127,23080447897.76,1880151087167.2117
2025-05-06 23:35:00,94551.87304167773,23822252253.56,1877905340290.542
2025-05-06 23:50:00,94710.08631534321,23123730571.24,1881049999590.8567
2025-05-07 00:05:00,95281.70178719317,22950386178.84,1892402932788.5884
2025-05-07 00:20:00,95408.30164073933,23845061893.13,1894917349824.0486
2025-05-07 00:35:00,95684.69457436106,25158923944.82,1900406827744.5417
2025-05-07 00:50:00,96107.28840837961,23578656671.15,1908800886742.935
2025-05-07 01:05:00,96318.4430696241,25215352554.93,1912994660298.4924
2025-05-07 01:20:00,96347.97843544316,25542665959.75,1913581266511.1882
2025-05-07 01:35:00,96531.84815883388,24767987418.15,1917233129932.431
2025-05-07 01:50:00,96856.25306250191,26017617439.18,1923678023356.1057
2025-05-07 02:05:00,96754.3870395059,26693068256.81,1921654845465.4883
2025-05-07 02:20:00,97052.09541718187,28056091435.9,1927567680676.393
2025-05-07 02:35:00,97149.036140273,28065157162.12,1929493036372.9253
2025-05-07 02:50:00,97159.79396384624,28940238702.44,1929706699281.954
2025-05-07 03:05:00,97583.91438248889,28631312765.47,1938130224896.4849
2025-05-07 03:20:00,97478.53326421007,29099473324.2,1936039085210.597
2025-05-07 03:35:00,97503.58523198668,30083523256.11,1936536646952.1702
2025-05-07 03:50:00,97294.08052576323,29401113473.18,1932377484020.5303
2025-05-07 04:05:00,97162.47937936272,29512856264.1,1929763726936.837
2025-05-07 04:20:00,96974.85771307106,30763192228.9,1926037334935.4202
2025-05-07 04:35:00,96797.21614583606,30819745959.81,1922509159707.3276
2025-05-07 04:50:00,96656.86951247045,30239317024.9,1919723446555.338
2025-05-07 05:05:00,96519.5500442968,31180634767.98,1916996114250.3386
2025-05-07 05:20:00,96336.70064098125,31290431274.13,1913364501841.3704
2025-05-07 05:35:00,96543.56722376955,30645409832.38,1917473124759.6436
2025-05-07 05:50:00,96467.50722053857,31830519431.15,1915962480226.2122
2025-05-07 06:05:00,96585.6905603471,31887931588.4,1918309745656.6675
2025-05-07 06:20:00,96644.86283462636,31991849195.41,1919486525591.0059
2025-05-07 06:35:00,96471.03630349263,31312298568.99,1916034115659.271
2025-05-07 06:50:00,96441.57089034055,31931902748.82,1915450728495.2017
2025-05-07 07:05:00,96547.11910791056,32114175429.08,1917547048664.7034
2025-05-07 07:20:00,96455.09951582416,32162567176.71,1915719423989.2598
2025-05-07 07:35:00,96427.81651482661,32158155287.57,1915177549321.999
2025-05-07 07:50:00,96356.09541745967,32183462406.51,1913754234519.7383
2025-05-07 08:05:00,96473.42851346468,32198505075.36,1916084618584.7637
2025-05-07 08:20:00,96615.92563216413,31698914173.08,1918914792048.4812
2025-05-07 08:35:00,96557.67271478444,31757199220.17,1917757815244.6213
2025-05-07 08:50:00,96489.11871791269,31832867107.65,1916398079233.536
2025-05-07 09:05:00,96603.54761412115,32689916605.6,1918670784382.2253
2025-05-07 09:20:00,96679.53934219883,32748870596.11,1920180077903.2021
2025-05-07 09:35:00,96825.92959382261,32823669550.05,1923087576704.7043
2025-05-07 09:50:00,96917.6056749862,32013339245.98,1924910223098.2375
2025-05-07 10:05:00,96927.9120902108,31525934129.84,1925114921964.7764
2025-05-07 10:20:00,96913.49871546564,32781538651.17,1924828653518.47
2025-05-07 10:35:00,96967.85819777146,31793844028.55,1925908303830.5474
2025-05-07 10:50:00,97017.65307181733,32507705193.07,1926898459273.0408
2025-05-07 11:05:00,97049.24235671629,32149904516.9,1927525864105.8118
2025-05-07 11:20:00,96897.2721020584,33093126958.67,1924507534551.5103
2025-05-07 11:35:00,96887.00856602134,33156750744.05,1924303687198.4739
2025-05-07 11:50:00,97003.23377223698,32196166580.67,1926612072978.7383
2025-05-07 12:05:00,96946.37437931383,33424055774.14,1925482770494.6045
2025-05-07 12:20:00,96927.30466051986,32804213285.4,1925105280800.4275
2025-05-07 12:35:00,96921.72562392947,33593651516.69,1924994473708.0447
2025-05-07 12:50:00,97055.69035649732,32683988498.25,1927655191603.9014
2025-05-07 13:05:00,96986.84691012716,33352904796.59,1926287869128.3628
2025-05-07 13:20:00,97029.1015023947,33565678686.2,1927128557008.181
2025-05-07 13:35:00,96972.82551440317,33587489661.2,1926010840139.1895
2025-05-07 13:50:00,97026.95381203364,33516339999.48,1927089588011.064
2025-05-07 14:05:00,97034.24644693422,33668859959.35,1927234429833.196
2025-05-07 14:20:00,97107.92232801105,33073604052.92,1928697734798.8015
2025-05-07 14:35:00,96947.89599461669,31884459610.55,1925519390341.144
2025-05-07 14:50:00,96918.15336949608,34018087356.2,1924930211332.9094
2025-05-07 15:05:00,96900.6220136996,33864742444.57,1924582014062.8933
2025-05-07 15:20:00,96792.15641277966,33179015857.9,1922427735376.782
2025-05-07 15:35:00,96942.14723907095,33072067629.26,1925406763174.0837
2025-05-07 15:50:00,96933.18545423023,33893973989.66,1925231483709.841
2025-05-07 16:05:00,97071.06554713509,34068489798.03,1927969979247.704
2025-05-07 16:20:00,97208.69892881221,34164468409.98,1930703574748.2808
2025-05-07 16:35:00,97379.47393768393,33955291122.68,1934095410291.1858
2025-05-07 16:50:00,97224.35686545771,34190067494.0,1931014563729.594
2025-05-07 17:05:00,96877.56043241607,35133395016.62,1924126691344.0806
2025-05-07 17:20:00,96974.9570139314,37021608652.98,1926062290234.7776
2025-05-07 17:35:00,97010.15591442991,38065286727.93,1926761391085.0947
2025-05-07 17:50:00,96938.95081784717,38083896707.88,1925349287988.5405
2025-05-07 18:05:00,96844.84539602643,34680741562.38,1923480216729.054
2025-05-07 18:20:00,96789.57285165,35322972799.7,1922382423189.278
2025-05-07 18:35:00,96568.74764471361,40720803971.69,1917996511733.0688
2025-05-07 18:50:00,96820.32461203773,44059639288.83,1922996199539.715
2025-05-07 19:05:00,96839.16565262138,44674257794.31,1923370410735.38
2025-05-07 19:20:00,96727.071010032,44520635852.02,1921144043776.2534
2025-05-07 19:35:00,96693.6991439891,45275400626.12,1920481228692.4456
2025-05-07 19:50:00,96681.34109442499,46912606105.39,1920235779377.5342
2025-05-07 20:05:00,96625.1257534991,55072661339.31,1919119258777.2422
2025-05-07 20:20:00,96341.57742103963,55538350444.02,1913488817997.443
2025-05-07 20:35:00,96812.74049122844,38073031300.67,1922846826142.9766
2025-05-07 20:50:00,96166.87810026707,62567868744.29,1910020468892.8945
2025-05-07 21:05:00,96452.33057288633,63015618623.45,1915689989172.324
2025-05-07 21:20:00,96399.55316260313,63776061554.96,1914641749529.6584
2025-05-07 21:35:00,95866.67762183372,67412259652.31,1904058030786.2805
2025-05-07 21:50:00,96282.13315894794,40648421253.15,1912309609661.241
2025-05-07 22:05:00,96246.65407036142,70342419525.47,1911604940998.2188
2025-05-07 22:20:00,96276.13384953894,40181396245.28,1912192572326.3733
2025-05-07 22:35:00,96362.83195570018,71268871386.03,1913914530489.9133
2025-05-07 22:50:00,96593.43126748937,71575262480.58,1918496134131.6848
2025-05-07 23:05:00,96733.83024924177,72638316288.1,1921284676791.3
2025-05-07 23:20:00,96875.57771502952,73118749932.66,1924100002446.144
2025-05-07 23:35:00,97142.3264726109,42201538407.89,1929398048633.0232
2025-05-07 23:50:00,97317.72390975828,42954022773.81,1932883272262.9573
2025-05-08 00:05:00,97213.77230406296,43770139393.49,1930818629650.0693
2025-05-08 00:20:00,97064.78949743662,77836667418.76,1927859596462.5498
2025-05-08 00:35:00,97183.00441029033,40790758417.22,1930207530820.3123
2025-05-08 00:50:00,97210.5203114707,77866561421.41,1930757053481.4282
2025-05-08 01:05:00,97336.90801664082,77628272988.24,1933267316284.7615
2025-05-08 01:20:00,97257.09927807929,76802928769.94,1931682186564.0952
2025-05-08 01:35:00,97187.09274601903,42269144763.55,1930291744406.888
2025-05-08 01:50:00,97053.44346978018,76964723884.33,1927639390315.8032
2025-05-08 02:05:00,97065.63005914325,75532620172.82,1927881435820.3213
2025-05-08 02:20:00,97142.38699196237,75836621095.64,1929405953466.3955
2025-05-08 02:35:00,97082.34464806592,76291940203.65,1928213414767.6763
2025-05-08 02:50:00,97016.03395105634,76102578312.34,1926896376371.2512
2025-05-08 03:05:00,97969.52642422657,40997660601.8,1945834289174.1582
2025-05-08 03:20:00,97821.9744324892,78321427560.19,1942906405418.8958
2025-05-08 03:35:00,97965.2253029019,78805705797.78,1945751604928.7334
2025-05-08 03:50:00,97804.90750947747,76686084869.01,1942568308309.2258
2025-05-08 04:05:00,97918.93637586958,77955661663.13,1944833111453.8357
2025-05-08 04:20:00,98211.36479757255,42766190728.28,1950641226802.1787
2025-05-08 04:35:00,98665.9091144382,42817620351.52,1959669233751.4182
2025-05-08 04:50:00,98800.0121922795,44038516811.97,1962334028559.1294
2025-05-08 05:05:00,98628.68153516624,45144390060.64,1958931114216.0176
2025-05-08 05:20:00,98777.72171205153,45435110437.04,1961891302218.3762
2025-05-08 05:35:00,98745.09845793605,45496933090.22,1961243349649.8223
2025-05-08 05:50:00,99017.45046763484,46069116439.51,1966655193005.3743
2025-05-08 06:05:00,99238.58401402454,45568020521.84,1971047281827.1033
2025-05-08 06:20:00,99386.74829186322,47359539524.86,1973990076708.7446
2025-05-08 06:35:00,99305.2327838235,47898838242.84,1972371039898.1655
2025-05-08 06:50:00,99114.7983336636,48222852315.21,1968591462622.4746
2025-05-08 07:05:00,99071.3649894159,48762460701.55,1967728801222.5964
2025-05-08 07:20:00,98853.19073202157,49050780681.06,1963395482811.1055
2025-05-08 07:35:00,98904.3933952964,49535395696.52,1964412456335.5537
2025-05-08 07:50:00,98865.38569026891,48878196235.77,1963640464022.1697
2025-05-08 08:05:00,98761.63991978667,49836668257.49,1961579890531.5823
2025-05-08 08:20:00,98856.89451926884,50028738134.28,1963471814430.1387
2025-05-08 08:35:00,98834.13242633115,50236304426.48,1963019719225.8745
2025-05-08 08:50:00,98895.33565826164,50367738829.32,1964237498765.8835
2025-05-08 09:05:00,99052.9900309546,50663412146.64,1967368795390.0034
2025-05-08 09:20:00,99168.22275628967,50108640838.68,1969657522544.6418
2025-05-08 09:35:00,99330.04613397854,51250366667.47,1972871623032.9785
2025-05-08 09:50:00,99295.28068844859,50809926232.58,1972181119367.495
2025-05-08 10:05:00,99374.05131482032,50883934938.82,1973745644297.7231
2025-05-08 10:20:00,99633.67785066513,52432592824.85,1978902289694.4614
2025-05-08 10:35:00,99523.64361853464,52986072372.71,1976716813873.3826
2025-05-08 10:50:00,99761.37357426768,52271809661.26,1981441646793.8728
2025-05-08 11:05:00,99576.5580045034,53374434667.76,1977770874692.5417
2025-05-08 11:20:00,99635.80396204791,52662103729.82,1978947606763.0508
2025-05-08 11:35:00,99612.9682912583,53605249218.53,1978494048962.9336
2025-05-08 11:50:00,99679.78564470581,53800520992.58,1979823654670.0867
2025-05-08 12:05:00,99812.0914998262,53094075530.01,1982451491998.6335
2025-05-08 12:20:00,99824.64460822861,53956107177.53,1982700819791.5654
2025-05-08 12:35:00,99776.81749834008,53988266757.11,1981750885530.7783
2025-05-08 12:50:00,99832.91632103932,54343022680.58,1982867008028.5327
2025-05-08 13:05:00,99702.41223862626,53635360459.06,1980274954736.2324
2025-05-08 13:20:00,99630.4971458961,54821287601.2,1978846587520.1992
2025-05-08 13:35:00,99489.71309026673,54195413971.97,1976050354880.1929
2025-05-08 13:50:00,99530.23052406627,55154269135.44,1976856599269.2666
2025-05-08 14:05:00,99478.70724783685,54420163702.86,1975833250603.3005
2025-05-08 14:20:00,99480.24564287232,55334993988.81,1975863806007.042
2025-05-08 14:35:00,99510.48916906564,55216606128.85,1976464499022.879
2025-05-08 14:50:00,99381.73569215056,55493762554.98,1973910096143.9253
2025-05-08 15:05:00,99395.21059570865,55558605787.23,1974177733330.9055
2025-05-08 15:20:00,99337.03483273489,55621107828.85,1973022252144.297
2025-05-08 15:35:00,99505.76636763358,55850208218.41,1976373581017.3015
2025-05-08 15:50:00,99122.68116321575,54618471652.04,1968767853798.791
2025-05-08 16:05:00,99400.47317183993,55508195643.45,1974285339506.4358
2025-05-08 16:20:00,99397.73762491501,55423987148.35,1974231006262.1658
2025-05-08 16:35:00,99792.37796796439,54622245768.24,1982069325525.629
2025-05-08 16:50:00,99689.91286215343,55246388372.49,1980036662911.9255
2025-05-08 17:05:00,99391.02060155725,55346438541.05,1974100077983.2236
2025-05-08 17:20:00,99793.50064891724,55134481020.82,1982094118974.7656
2025-05-08 17:35:00,100638.1011323583,57750957190.15,1998869536614.4507
2025-05-08 17:50:00,101347.83442284803,60278675762.23,2012966228001.893
2025-05-08 18:05:00,100631.52657900783,59906871929.17,1998738953125.084
2025-05-08 18:20:00,101098.07953834465,61008255118.62,2008008741515.5674
2025-05-08 18:35:00,100953.6056604715,62095216380.2,2005139203231.4114
2025-05-08 18:50:00,101245.09463832149,62491562333.32,2010930069706.3416
2025-05-08 19:05:00,101185.8760176052,61813562335.17,2009753869461.6746
2025-05-08 19:20:00,101454.46198517253,63012395383.72,2015088523949.4968
2025-05-08 19:35:00,101459.35929942655,63360402225.35,2015185794405.2102
2025-05-08 19:50:00,100882.98365626423,63785460410.59,2003740948753.2134
2025-05-08 20:05:00,101058.36435982214,63380705407.17,2007224365724.0825
2025-05-08 20:20:00,101384.6342953918,61083104606.44,2013704749298.735
2025-05-08 20:35:00,101439.53137404525,62004571071.13,2014795116776.7593
2025-05-08 20:50:00,101399.14458681991,60710589914.01,2013995792332.9478
2025-05-08 21:05:00,101302.36889869999,61318236055.92,2012073627905.7441
2025-05-08 21:20:00,101075.1307865087,61126562778.04,2007560211114.3523
2025-05-08 21:35:00,101273.27404331132,60328608970.07,2011495744171.418
2025-05-08 21:50:00,101362.08476306047,60904204107.75,2013259707926.908
2025-05-08 22:05:00,101515.52008601249,59628408283.74,2016307249364.0652
2025-05-08 22:20:00,101457.11637241766,61671440397.39,2015147840101.5237
2025-05-08 22:35:00,101805.41699115589,61094274304.74,2022065809630.4426
2025-05-08 22:50:00,102132.87670019007,61844039385.58,2028571163383.5579
2025-05-08 23:05:00,102369.21498863818,63128676473.12,2033265332903.1006
2025-05-08 23:20:00,103013.65164236985,63809686131.32,2046065183985.5781
2025-05-08 23:35:00,103396.27110909476,65896715140.13,2053664801677.9866
2025-05-08 23:50:00,103020.75760401881,66784767494.72,2046208177523.7517
2025-05-09 00:05:00,102639.16242544304,65770982285.13,2038628897453.7424
2025-05-09 00:20:00,102909.14395773268,66638951738.6,2043991296566.3064
2025-05-09 00:35:00,102698.2429173533,68684913614.65,2039802359855.7913
2025-05-09 00:50:00,103065.94760613433,69029189497.0,2047108013134.8577
2025-05-09 01:05:00,102898.25097121898,69053415831.63,2043777202783.966
2025-05-09 01:20:00,103132.08760328655,68453046991.94,2048421693562.8147
2025-05-09 01:35:00,102898.09791838111,69486575219.86,2043774162830.44
2025-05-09 01:50:00,103183.86442991269,69733985357.97,2049452051496.3528
2025-05-09 02:05:00,103180.30135545428,69963410332.22,2049381281223.3186
2025-05-09 02:20:00,103118.92818280529,70293262133.67,2048162278860.0398
2025-05-09 02:35:00,102750.86082653771,70362172894.02,2040851674604.6252
2025-05-09 02:50:00,102747.85165584301,69577164822.5,2040793550009.6572
2025-05-09 03:05:00,102751.75292196275,69495647386.61,2040871037554.2212
2025-05-09 03:20:00,102823.69521138121,67919978045.85,2042299966313.821
2025-05-09 03:35:00,102712.81417429027,67820050084.21,2040097630190.322
2025-05-09 03:50:00,102891.59007011227,67932150724.62,2043651076675.6023
2025-05-09 04:05:00,102964.80902284312,68714782971.31,2045105364547.716
2025-05-09 04:20:00,102920.26587014264,68717552824.47,2044220640520.098
2025-05-09 04:35:00,102663.204093934,68066423305.61,2039114833764.046
2025-05-09 04:50:00,102668.05707991164,67775205906.87,2039211224635.3652
2025-05-09 05:05:00,102509.66552703817,66865875794.92,2036065223418.4958
2025-05-09 05:20:00,102645.88698570688,67876865790.14,2038772110028.6375
2025-05-09 05:35:00,102544.33769113138,67629179943.86,2036755118645.4128
2025-05-09 05:50:00,102393.81112554162,67448049350.04,2033765331399.6216
2025-05-09 06:05:00,102447.46108146814,66886471492.93,2034830937017.7256
2025-05-09 06:20:00,102585.580731091,66592431415.6,2037576244867.3022
2025-05-09 06:35:00,102538.24474784695,66494177550.55,2036636047674.8884
2025-05-09 06:50:00,102689.61236487537,65450690016.06,2039642542920.139
2025-05-09 07:05:00,102784.57112491848,66141100396.19,2041528633658.4958
2025-05-09 07:20:00,102706.81212727436,65962679892.99,2039986119625.0884
2025-05-09 07:35:00,102814.37046936904,64876631885.68,2042122467939.075
2025-05-09 07:50:00,102937.52801696236,65100131040.41,2044570504104.7986
2025-05-09 08:05:00,102998.84576289741,65856877978.0,2045788412258.726
2025-05-09 08:20:00,103010.43642362063,66076527974.46,2046018628813.3132
2025-05-09 08:35:00,103070.52732528883,66437009147.96,2047212169084.6086
2025-05-09 08:50:00,103142.08398894778,65681980625.95,2048634785988.234
2025-05-09 09:05:00,103232.89209152861,66787077745.73,2050438440040.993
2025-05-09 09:20:00,103623.58170301524,66464376322.7,2058198418292.9497
2025-05-09 09:35:00,103576.00664770033,67860923763.23,2057253470222.3457
2025-05-09 09:50:00,104116.1698567935,68132002402.95,2067982331783.6255
2025-05-09 10:05:00,103675.74113798831,69100573113.07,2059234422499.6785
2025-05-09 10:20:00,103579.16279478128,69084319845.14,2057317401383.0632
2025-05-09 10:35:00,103843.86537710823,69399508312.02,2062574995807.6409
2025-05-09 10:50:00,102886.97053350513,68931932390.27,2043571463279.7568
2025-05-09 11:05:00,103217.14876021266,70521512787.13,2050129560951.377
2025-05-09 11:20:00,102925.4432011737,71854442999.13,2044335618792.8997
2025-05-09 11:35:00,102789.9132280408,72350577816.14,2041643682349.6619
2025-05-09 11:50:00,102691.37779905867,72709007454.01,2039687877480.6433
2025-05-09 12:05:00,102918.89784302507,72483921599.44,2044206950897.5974
2025-05-09 12:20:00,103051.1510793046,72321349814.18,2046833805542.8315
2025-05-09 12:35:00,103015.57061134867,72460952814.38,2046127095293.9263
2025-05-09 12:50:00,103332.7178562201,72765357235.16,2052429575184.3147
2025-05-09 13:05:00,103141.92687373217,73515016794.64,2048640019821.2053
2025-05-09 13:20:00,103330.29283280163,73296473378.86,2052381408544.6692
2025-05-09 13:35:00,103085.1996805923,73454136074.85,2047513285023.8157
2025-05-09 13:50:00,103041.00405748254,73959083516.94,2046635456531.0977
2025-05-09 14:05:00,103017.08537262327,74923834447.47,2046160375480.07
2025-05-09 14:20:00,102956.07683018757,75025076519.31,2044949632628.0762
2025-05-09 14:35:00,103116.20260175075,75025658786.36,2048130106746.884
2025-05-09 14:50:00,103041.63479906776,75027853083.62,2046649014951.2634
2025-05-09 15:05:00,102945.94437909582,74387528676.58,2044748378338.1338
2025-05-09 15:20:00,103034.76250263059,75468829262.91,2046513133202.6997
2025-05-09 15:35:00,103169.22973496639,75472753987.21,2049183969241.688
2025-05-09 15:50:00,103697.20023908037,73323814706.14,2059670707351.8994
2025-05-09 16:05:00,103385.24626231937,75014437722.14,2053474566409.8567
2025-05-09 16:20:00,103458.39573068908,76555316790.75,2054929039067.7627
2025-05-09 16:35:00,102928.37853207075,74657075116.5,2044401640832.4246
2025-05-09 16:50:00,102885.26503432923,74735714669.08,2043547259365.2104
2025-05-09 17:05:00,103156.77187396663,75391354781.79,2048940034101.756
2025-05-09 17:20:00,103023.24695748127,76761794744.45,2046287910135.8064
2025-05-09 17:35:00,102857.08929685644,73658506940.11,2042987621878.9883
2025-05-09 17:50:00,102753.41689553723,72484137547.08,2040931317307.4229
2025-05-09 18:05:00,102634.95629859171,72083824974.39,2038578403414.3613
2025-05-09 18:20:00,102812.54227916314,71051517157.37,2042105690391.411
2025-05-09 18:35:00,102811.40116395599,71586372623.12,2042083025084.1804
2025-05-09 18:50:00,102613.61548646056,71371012967.82,2038156472942.047
2025-05-09 19:05:00,102513.74857667225,70244285421.44,2036172872737.9922
2025-05-09 19:20:00,102987.18114971297,71136275241.92,2045576397393.7615
2025-05-09 19:35:00,103097.94729808628,70899142232.93,2047776483037.5588
2025-05-09 19:50:00,103207.93887983936,70639277957.18,2049963764099.1318
2025-05-09 20:05:00,103103.01266723995,70324682116.77,2047879671188.5723
2025-05-09 20:20:00,103101.37003904577,70017203526.79,2047847044548.485
2025-05-09 20:35:00,103240.29034693819,70092903522.95,2050606343885.0266
2025-05-09 20:50:00,103344.72181762001,69200558460.05,2052681540105.5447
2025-05-09 21:05:00,103215.58770756231,69672272820.71,2050116617589.4128
2025-05-09 21:20:00,103030.60698759528,68780496464.31,2046442443403.5085
2025-05-09 21:35:00,103028.66924561853,69378761560.72,2046403955059.69
2025-05-09 21:50:00,103097.45641640121,69303999901.06,2047770238244.533
2025-05-09 22:05:00,103227.97959391617,68628111648.03,2050362751072.7517
2025-05-09 22:20:00,103334.55665810544,68216250367.19,2052480978268.713
2025-05-09 22:35:00,103270.91169171219,66995641376.52,2051216831142.0464
2025-05-09 22:50:00,103240.99764615149,66927062238.5,2050624935192.67
2025-05-09 23:05:00,103184.21950541099,65020538392.28,2049497179031.5427
2025-05-09 23:20:00,102919.08537048641,64031579365.77,2044230950685.7986
2025-05-09 23:35:00,102975.89862876618,62777811241.74,2045359404369.26
2025-05-09 23:50:00,102837.06115782114,62425587968.69,2042604006684.9348
2025-05-10 00:05:00,103026.94017765363,61694686966.05,2046375484032.9702
2025-05-10 00:20:00,102952.08295452945,61313281969.93,2044888630342.6638
2025-05-10 00:35:00,103009.4230200087,60816106865.89,2046027548998.7673
2025-05-10 00:50:00,102914.0341447102,60583335877.37,2044132884792.2625
2025-05-10 01:05:00,102813.2012485366,60245841172.24,2042130088568.693
2025-05-10 01:20:00,102889.6203158651,60202983381.53,2043649507777.5442
2025-05-10 01:35:00,102938.13443047367,59703981188.47,2044613121465.0637
2025-05-10 01:50:00,102941.63796508766,59478668449.66,2044683431163.452
2025-05-10 02:05:00,103043.02256929423,58963144476.87,2046697187933.735
2025-05-10 02:20:00,103039.74146895146,57970558448.17,2046632016914.1218
2025-05-10 02:35:00,102935.4848956714,58721002369.93,2044561215514.518
2025-05-10 02:50:00,102901.53773447082,58490159045.5,2043886938327.8135
2025-05-10 03:05:00,102895.09981313754,58180612998.95,2043759064793.435
2025-05-10 03:20:00,103002.9128955982,57573222689.61,2045904627650.9797
2025-05-10 03:35:00,103062.70369912512,57759063657.87,2047092227867.2056
2025-05-10 03:50:00,102929.67835821942,57522822788.16,2044451646936.0393
2025-05-10 04:05:00,102987.9877555408,57624816687.36,2045609823521.1313
2025-05-10 04:20:00,102987.74728496149,57369278419.56,2045605047148.7598
2025-05-10 04:35:00,103030.31044872693,57235855250.15,2046450462500.746
2025-05-10 04:50:00,103208.10300152932,56367791549.55,2049981885926.7942
2025-05-10 05:05:00,103136.41994251056,56827282674.51,2048558073568.63
2025-05-10 05:20:00,103030.0201013485,55778394006.13,2046446962105.6077
2025-05-10 05:35:00,103074.38088072375,56390577102.06,2047328083764.1282
2025-05-10 05:50:00,103169.83892823766,56080701832.56,2049224131451.5034
2025-05-10 06:05:00,103181.0079792028,55986774660.73,2049445978155.937
2025-05-10 06:20:00,103162.50992596563,55874272285.99,2049080415130.9414
2025-05-10 06:35:00,103157.73952606884,55741378198.97,2048985662366.5132
2025-05-10 06:50:00,103161.54857230143,55569729606.5,2049064311788.3374
2025-05-10 07:05:00,103174.93741475127,55402107492.5,2049330250014.5447
2025-05-10 07:20:00,103123.96050974172,55375025979.77,2048317712317.8342
2025-05-10 07:35:00,103158.88031184698,55443071634.88,2049011312998.1152
2025-05-10 07:50:00,103213.61765121475,55207242355.11,2050100400825.4597
2025-05-10 08:05:00,103405.15252314914,55132245561.33,2053904799185.4868
2025-05-10 08:20:00,103510.86848623668,54316131476.8,2056004602905.494
2025-05-10 08:35:00,103699.12372105448,54991850936.37,2059743858840.3228
2025-05-10 08:50:00,103587.52403827575,54089542815.4,2057527188602.3914
2025-05-10 09:05:00,103910.90603712204,52856290793.13,2063950425967.2017
2025-05-10 09:20:00,103821.65667827614,54785394471.14,2062177693351.9988
2025-05-10 09:35:00,103769.5607490705,54273984867.1,2061142927903.6375
2025-05-10 09:50:00,103664.06412899008,53141481704.62,2059050798176.4944
2025-05-10 10:05:00,103804.75620928747,51209003644.98,2061845326277.1194
2025-05-10 10:20:00,103821.46507912023,51093924388.17,2062177209963.6685
2025-05-10 10:35:00,103947.60656689033,51061978201.34,2064682723646.3367
2025-05-10 10:50:00,103860.71800390577,49952278445.12,2062958749507.0532
2025-05-10 11:05:00,103444.77667787133,47979700106.74,2054697013844.952
2025-05-10 11:20:00,103439.95972252925,47768924437.29,2054601335898.9497
2025-05-10 11:35:00,103615.44815342283,48333486080.65,2058087017501.2622
2025-05-10 11:50:00,103774.44038594686,48256010868.04,2061247322392.5718
2025-05-10 12:05:00,103801.51291802303,47953938972.61,2061785057735.1558
2025-05-10 12:20:00,103822.18902065833,47567822134.67,2062195742302.9165
2025-05-10 12:35:00,103806.10075376414,47746275036.0,2061876184838.34
2025-05-10 12:50:00,103743.74027389052,47116539481.36,2060640126874.8298
2025-05-10 13:05:00,103573.88362101116,46007921212.09,2057266299848.5842
2025-05-10 13:20:00,103576.63127489365,45806246934.15,2057320875920.6448
2025-05-10 13:35:00,103514.26144763711,45225737327.78,2056082037139.512
2025-05-10 13:50:00,103442.1015744898,45035313162.81,2054651326785.2996
2025-05-10 14:05:00,103505.76407467504,45734888428.82,2055915843248.9165
2025-05-10 14:20:00,103594.92746887908,45586190524.65,2057686879252.7634
2025-05-10 14:35:00,103760.69527844325,45581465930.22,2060979494587.0918
2025-05-10 14:50:00,103682.11630365795,45495859432.94,2059422323822.1123
2025-05-10 15:05:00,103736.62633082348,45188231464.56,2060505048315.1973
2025-05-10 15:20:00,103605.37074915132,44987010458.65,2057897938384.7803
2025-05-10 15:35:00,103621.33481693603,44798350657.09,2058215030268.578
2025-05-10 15:50:00,103676.9683309703,44234808309.84,2059320070412.8135
2025-05-10 16:05:00,103579.58549971631,43438301764.63,2057385769843.04
2025-05-10 16:20:00,103478.93743798447,42999006560.6,2055388164674.1313
2025-05-10 16:35:00,103539.07662494273,42172528598.66,2056582701225.893
2025-05-10 16:50:00,103488.36835969154,41331984128.88,2055575489798.8245
2025-05-10 17:05:00,103524.39322504203,40876948619.5,2056291046835.9246
2025-05-10 17:20:00,103456.40826076061,40641643123.92,2054940670668.3728
2025-05-10 17:35:00,103476.07290427103,40232725900.82,2055331266827.6934
2025-05-10 17:50:00,103287.4613367961,40006235504.61,2051585520450.2686
2025-05-10 18:05:00,103261.22258091802,39021807613.52,2051064343427.0618
2025-05-10 18:20:00,103387.42936414342,38998351813.5,2053574170717.0444
2025-05-10 18:35:00,103431.474263578,38888952872.18,2054449030150.0234
2025-05-10 18:50:00,103338.84056536667,39495409899.34,2052612259769.8792
2025-05-10 19:05:00,103457.80988036178,39267332326.5,2054975339064.7444
2025-05-10 19:20:00,103473.99182633679,39122435134.05,2055296759941.0916
2025-05-10 19:35:00,103473.96404265951,38074843880.22,2055296208075.827
2025-05-10 19:50:00,103228.4668788667,37933585585.61,2050421463277.7178
2025-05-10 20:05:00,103244.44146956502,38432728668.6,2050738765710.1306
2025-05-10 20:20:00,103259.8764516146,39300583702.75,2051045349925.0925
2025-05-10 20:35:00,103220.64788213918,39318788476.45,2050266154967.9448
2025-05-10 20:50:00,103202.45397266425,38527780394.56,2049904770326.5154
2025-05-10 21:05:00,103179.95957753464,39427098886.24,2049457965370.7534
2025-05-10 21:20:00,103206.22838333761,39378071176.26,2049981702160.2415
2025-05-10 21:35:00,103282.46440720756,37379818239.82,2051495975634.1096
2025-05-10 21:50:00,103258.31252458425,38464184686.88,2051018829092.6917
2025-05-10 22:05:00,103142.11471005237,39030332311.23,2048710793064.623
2025-05-10 22:20:00,103251.25374533614,38936580054.24,2050878620631.0742
2025-05-10 22:35:00,103221.7185314122,38908899222.97,2050291962972.2551
2025-05-10 22:50:00,103298.77076160235,39197845054.17,2051824103430.332
2025-05-10 23:05:00,103266.85302966498,38823858180.64,2051190121329.3538
2025-05-10 23:20:00,103248.21829416206,38871703116.13,2050819979466.2507
2025-05-10 23:35:00,103239.06986055341,38690710982.07,2050638264074.5916
2025-05-10 23:50:00,103481.77325929356,38829703644.09,2055459083139.9875
2025-05-11 00:05:00,103623.32253186237,38216554736.94,2058270677190.3174
2025-05-11 00:20:00,103693.63736220998,39176789703.61,2059667963249.225
2025-05-11 00:35:00,103719.95413743914,39327492210.84,2060190693671.4033
2025-05-11 00:50:00,103660.30603918979,39347205967.66,2059007561344.9958
2025-05-11 01:05:00,103607.81966213576,39364068456.39,2057965022967.9531
2025-05-11 01:20:00,104752.35244944939,40362741510.67,2080698909769.2817
2025-05-11 01:35:00,104399.90045532603,40818647662.87,2073698145941.3538
2025-05-11 01:50:00,104607.28955756372,41172198926.06,2077819090595.339
2025-05-11 02:05:00,104869.72551353328,42410799601.57,2083031867273.5085
2025-05-11 02:20:00,104427.05650270193,41997567014.14,2074239113676.5981
2025-05-11 02:35:00,104242.36764315791,42998384528.75,2070570630917.8542
2025-05-11 02:50:00,104548.64531441132,42593484976.24,2076655910250.2256
2025-05-11 03:05:00,104288.50615994056,43495666346.05,2071488750876.7627
2025-05-11 03:20:00,104363.94513326322,42927761771.03,2072987199654.7703
2025-05-11 03:35:00,104457.71183378449,42793339946.51,2074849693159.4595
2025-05-11 03:50:00,104237.64497756236,43078117706.3,2070481410864.4343
2025-05-11 04:05:00,103984.66391898008,43079180336.78,2065456426088.4624
2025-05-11 04:20:00,104078.16850031845,44294759961.57,2067313715722.4849
2025-05-11 04:35:00,104256.22814620586,43578668923.41,2070850529959.9358
2025-05-11 04:50:00,104013.99655809248,43625008521.24,2066039062851.0916
2025-05-11 05:05:00,103724.21370845012,43602015308.73,2060283080897.5374
2025-05-11 05:20:00,103929.03271156663,43658698765.57,2064353081440.2173
2025-05-11 05:35:00,103899.51934484406,45017012669.69,2063766854397.1301
2025-05-11 05:50:00,104128.89201193216,44131577828.56,2068323532082.2378
2025-05-11 06:05:00,104057.72072807424,45099442635.01,2066909849113.298
2025-05-11 06:20:00,104312.18691292284,45325156999.59,2071964338679.7598
2025-05-11 06:35:00,104221.36033568159,45463605541.31,2070160240475.92
2025-05-11 06:50:00,104168.65666837485,45593455219.39,2069115673497.9531
2025-05-11 07:05:00,104168.42603932283,45586237626.15,2069111092482.8806
2025-05-11 07:20:00,104035.16126831943,45446291793.37,2066464036878.755
2025-05-11 07:35:00,103971.24670642098,45471375114.27,2065194493562.9585
2025-05-11 07:50:00,103913.26179176144,45406642414.33,2064045017698.8115
2025-05-11 08:05:00,103873.20618965013,45415812877.32,2063249387145.5676
2025-05-11 08:20:00,103940.42172163977,45338122805.07,2064584499541.454
2025-05-11 08:35:00,103954.32445075412,45357289358.82,2064860651576.97
2025-05-11 08:50:00,103661.9432549436,44561551931.28,2059055630698.844
2025-05-11 09:05:00,103777.6481592214,45144203772.01,2061353897807.987
2025-05-11 09:20:00,103673.94802691431,44492017473.55,2059294083621.3477
2025-05-11 09:35:00,103656.12951073315,45144361282.1,2058940151262.7454
2025-05-11 09:50:00,103546.8423564535,44629553773.37,2056769361064.1753
2025-05-11 10:05:00,103668.86166956623,44523851888.29,2059193052399.9712
2025-05-11 10:20:00,103920.19404742263,45247849015.26,2064186870961.4067
2025-05-11 10:35:00,103795.68342278295,44429184053.84,2061713692393.6384
2025-05-11 10:50:00,103811.94771170805,44456140930.43,2062038725530.5718
2025-05-11 11:05:00,103903.866360068,44898577941.44,2063864525129.699
2025-05-11 11:20:00,104196.82866192312,44117622301.25,2069683697439.4553
2025-05-11 11:35:00,104258.39094565462,44311597728.3,2070906522132.4182
2025-05-11 11:50:00,104298.04601960187,44344948328.81,2071694199273.1082
2025-05-11 12:05:00,104378.40961823579,45077961807.3,2073290478469.8564
2025-05-11 12:20:00,104251.21399768046,44402645233.55,2070765945666.3604
2025-05-11 12:35:00,104487.37169280212,44605330495.3,2075456800516.9895
2025-05-11 12:50:00,104388.70247567404,45251322123.54,2073497850562.9077
2025-05-11 13:05:00,104690.27661779888,44426148412.51,2079488090125.7275
2025-05-11 13:20:00,104455.23975696258,45476486860.49,2074819496550.0894
2025-05-11 13:35:00,104481.8429649765,45361931124.3,2075347922455.64
2025-05-11 13:50:00,104456.09752414042,45272671097.68,2074838205882.9673
2025-05-11 14:05:00,104663.35260370339,44503545528.07,2078954966585.627
2025-05-11 14:20:00,104709.17773626777,44628732784.17,2079865202924.9873
2025-05-11 14:35:00,104757.36167425477,45492254548.63,2080822292820.311
2025-05-11 14:50:00,104691.92839778867,45485002400.13,2079524564045.5857
2025-05-11 15:05:00,104615.40810844411,45683071475.62,2078004620495.2551
2025-05-11 15:20:00,104578.05099486593,43898928217.91,2077262585875.0457
2025-05-11 15:35:00,104423.91459675638,45920114533.29,2074200932211.886
2025-05-11 15:50:00,104283.35097610299,46110027725.29,2071410755460.1697
2025-05-11 16:05:00,104016.3241901699,45720983473.6,2066106724172.3325
2025-05-11 16:20:00,103881.56575605785,45873127908.86,2063429977911.3435
2025-05-11 16:35:00,104079.49318270195,46884725695.65,2067361468379.5115
2025-05-11 16:50:00,104253.59044667249,47524247405.98,2070821906923.2463
2025-05-11 17:05:00,104274.78866458184,47453041691.45,2071242973803.0183
2025-05-11 17:20:00,104606.47131695253,47121943434.96,2077831290807.093
2025-05-11 17:35:00,104415.0811377482,48031745776.08,2074029647389.651
2025-05-11 17:50:00,104116.37750858937,46890964939.81,2068099006021.4636
2025-05-11 18:05:00,104007.52132993127,47227951483.9,2065936758733.677
2025-05-11 18:20:00,103896.89263902418,48264861562.47,2063739303432.4346
2025-05-11 18:35:00,104036.6189429849,47863188787.42,2066514734514.9497
2025-05-11 18:50:00,103837.69521996201,47673202903.22,2062563444970.4802
2025-05-11 19:05:00,104007.98197382755,48435667161.69,2065945908660.0078
2025-05-11 19:20:00,104102.75152748475,48416346805.76,2067831575711.2463
2025-05-11 19:35:00,103879.63644567212,48417024016.06,2063399758065.5066
2025-05-11 19:50:00,104016.80088398159,48221197140.52,2066125346359.663
2025-05-11 20:05:00,104041.88555813432,48035325985.64,2066623612799.6196
2025-05-11 20:20:00,104006.57792794013,47977678575.98,2065922283888.8652
2025-05-11 20:35:00,103938.64253877745,47860932105.2,2064572857370.5437
2025-05-11 20:50:00,104739.78027296397,47459723671.22,2080487732514.8713
2025-05-11 21:05:00,104537.67897692049,48433841106.12,2076473314439.4465
2025-05-11 21:20:00,104533.76675428859,48257812173.82,2076395604412.0688
2025-05-11 21:35:00,104612.56955594724,47784263522.78,2077960895667.3242
2025-05-11 21:50:00,104602.31658231278,48554974865.74,2077760584065.976
2025-05-11 22:05:00,104345.51095743006,47640746236.11,2072659544026.123
2025-05-11 22:20:00,104368.46662517147,48690910602.94,2073115522279.4966
2025-05-11 22:35:00,104376.08922716574,48801290988.59,2073266933285.3823
2025-05-11 22:50:00,104302.2765972865,48720302050.99,2071801700146.7747
2025-05-11 23:05:00,104267.76575854028,48730737065.99,2071116196275.522
2025-05-11 23:20:00,104233.05858066729,47904275093.8,2070426792434.394
2025-05-11 23:35:00,104146.12558231501,48701428904.59,2068700004298.4026
2025-05-11 23:50:00,104130.30595695888,48109079999.83,2068387750642.5906
2025-05-12 00:05:00,104048.41669409658,47935688141.22,2066761146872.8528
2025-05-12 00:20:00,104127.97578734442,48861955415.05,2068341465420.9812
2025-05-12 00:35:00,103891.87362285459,48116803403.32,2063651660465.1328
2025-05-12 00:50:00,103687.6286306654,48235307942.9,2059597552303.164
2025-05-12 01:05:00,103908.11060780495,48157391722.24,2063977092528.364
2025-05-12 01:20:00,103967.61721062263,47421485671.05,2065159100981.3271
2025-05-12 01:35:00,103935.02005910456,47313563321.81,2064511607983.7024
2025-05-12 01:50:00,103987.73582973963,47048901058.02,2065558726850.2598
2025-05-12 02:05:00,104191.54550703919,46820546083.12,2069607097114.3447
2025-05-12 02:20:00,104387.37584314687,46557969753.35,2073499266384.603
2025-05-12 02:35:00,104576.85030733746,45673826078.75,2077262893540.8994
2025-05-12 02:50:00,104507.1112495303,45359442614.45,2075879616982.8264
2025-05-12 03:05:00,104667.492651704,46165744862.95,2079065356974.4387
2025-05-12 03:20:00,104505.37905877594,46253325575.72,2075845209568.4724
2025-05-12 03:35:00,104103.55601919077,47012343379.65,2067863587576.0964
2025-05-12 03:50:00,103939.80533883027,47356489487.26,2064613104578.9006
2025-05-12 04:05:00,104171.9713477809,47193222084.85,2069224744777.328
2025-05-12 04:20:00,104145.71736818663,47062053652.27,2068703247645.974
2025-05-12 04:35:00,104028.1574360756,47196701064.02,2066368090526.7297
2025-05-12 04:50:00,103919.87666454342,47143346512.0,2064219536677.7715
2025-05-12 05:05:00,103803.43382000628,46037781539.89,2061906566317.1946
2025-05-12 05:20:00,103936.80828340378,46489803383.16,2064555859040.3542
2025-05-12 05:35:00,103916.89490167795,46120824552.54,2064160308228.3333
2025-05-12 05:50:00,103995.04508498606,46835675318.13,2065714937599.6782
2025-05-12 06:05:00,104087.09239576645,46945124596.02,2067543327641.6226
2025-05-12 06:20:00,104110.62478712575,46698207412.81,2068010765415.3032
2025-05-12 06:35:00,103949.27810742376,45980572361.9,2064805841121.8416
2025-05-12 06:50:00,103976.76308046255,46673208787.44,2065353454985.6543
2025-05-12 07:05:00,103992.33682648206,46676405447.47,2065662805740.53
2025-05-12 07:20:00,103908.87742261068,45973460257.39,2064005001025.034
2025-05-12 07:35:00,103769.99440556693,45627297569.2,2061246283494.3857
2025-05-12 07:50:00,103958.41456319677,46791058707.59,2064990962477.8794
2025-05-12 08:05:00,103875.95951966105,46695518653.13,2063353106413.7273
2025-05-12 08:20:00,103911.73862719833,46476668397.8,2064063809188.6824
2025-05-12 08:35:00,104271.15995026742,45895607542.81,2071203219567.1306
2025-05-12 08:50:00,104370.84335009151,46605271564.17,2073185171915.1418
2025-05-12 09:05:00,105626.12822482444,46556673899.97,2098119702530.1365
2025-05-12 09:20:00,105333.77136035434,49004918537.64,2092312430145.703
2025-05-12 09:35:00,105318.54468180079,48861909403.95,2092009972838.8396
2025-05-12 09:50:00,104455.81630667919,49989824118.98,2074875029049.9639
2025-05-12 10:05:00,104284.8305005313,51135041467.39,2071478624789.8445
2025-05-12 10:20:00,104405.97268466749,51239610153.19,2073884952189.4675
2025-05-12 10:35:00,104364.39524999219,51465406187.92,2073059072080.2502
2025-05-12 10:50:00,104576.82371333642,51797940917.01,2077280979965.4211
2025-05-12 11:05:00,104504.17401989661,51164611528.53,2075837889412.236
2025-05-12 11:20:00,104446.46119119231,51062011669.79,2074691500020.1077
2025-05-12 11:35:00,104505.46005620905,52154518874.45,2075863434831.1587
2025-05-12 11:50:00,104397.89329021164,51552407756.83,2073726762582.4844
2025-05-12 12:05:00,104288.03946749185,52144842592.17,2071544660961.7864
2025-05-12 12:20:00,104259.27932804868,52572348926.7,2070976297899.9126
2025-05-12 12:35:00,104400.88977847752,52661966160.47,2073789207103.4211
2025-05-12 12:50:00,104370.02649215628,52017295254.67,2073176773892.7217
2025-05-12 13:05:00,104522.32147067846,52685052362.03,2076201918398.902
2025-05-12 13:20:00,104417.5412275689,51931193406.48,2074120593197.8025
2025-05-12 13:35:00,104341.08579185436,51750962993.14,2072601903983.2017
2025-05-12 13:50:00,104048.0332200324,50692094173.72,2066782142961.7874
2025-05-12 14:05:00,103868.60164406581,51423293716.02,2063217962403.881
2025-05-12 14:20:00,103841.27745706978,53324965702.56,2062675202103.5981
2025-05-12 14:35:00,104020.24212572584,53461985651.12,2066230108140.2864
2025-05-12 14:50:00,104044.40297966282,53172927890.68,2066713570353.322
2025-05-12 15:05:00,103950.91968090268,53855272721.98,2064856640075.326
2025-05-12 15:20:00,104298.22574501882,54042425887.43,2071755446116.0037
2025-05-12 15:35:00,104234.81086696328,54168706702.16,2070495787880.805
2025-05-12 15:50:00,103962.81873886327,54618906994.28,2065095287348.3887
2025-05-12 16:05:00,104219.65900014754,54951090042.98,2070197107591.5637
2025-05-12 16:20:00,104064.90661424285,54482985029.84,2067123139160.2112
2025-05-12 16:35:00,103329.21879978655,55342325628.54,2052509593115.3557
2025-05-12 16:50:00,103112.00804122182,55801737664.17,2048197233337.2944
2025-05-12 17:05:00,102517.32274004669,56158341455.0,2036384518099.644
2025-05-12 17:18:00,102868.28319206073,57558397731.45773,2043355929485.0
